Pre_ban_N,Post_ban_N,Pre_ban_CEIR_coef,Post_ban_CEIR_coef,Chow_pvalue
896,1414,-0.21540802737969209,-0.1041098689315881,1.1102230246251565e-16
